{"cameraMode":{"drawMode":0,"name":"Shaded","section":"Shading Mode"},"sceneLighting":true,"audioPlay":false,"sceneViewState":{"showFog":false,"showMaterialUpdate":false,"showSkybox":false,"showFlares":false,"showImageEffects":false,"showParticleSystems":false},"in2DMode":false,"pivot":{"x":-0.6116122007369995,"y":1.5956737995147706,"z":-1.3226120471954346},"rotation":{"x":0.37650707364082339,"y":0.300082266330719,"z":-0.13035935163497926,"w":0.8667196035385132},"size":0.5689367055892944,"orthographic":false}